Age,class
0,Infant
1,Infant
2,Preschooler
3,Preschooler
4,Preschooler
5,Child
6,Child
7,Child
8,Child
9,Child
10,Pre-Teen
11,Pre-Teen
12,Pre-Teen
13,Teen
14,Teen
15,Teen
16,Teen
17,Teen
18,Teen
19,Teen
20,Vicenarian
21,Vicenarian
22,Vicenarian
23,Vicenarian
24,Vicenarian
25,Vicenarian
26,Vicenarian
27,Vicenarian
28,Vicenarian
29,Vicenarian
30,Tricenarian
31,Tricenarian
32,Tricenarian
33,Tricenarian
34,Tricenarian
35,Tricenarian
36,Tricenarian
37,Tricenarian
38,Tricenarian
39,Tricenarian
40,Quadragenarian
41,Quadragenarian
42,Quadragenarian
43,Quadragenarian
44,Quadragenarian
45,Quadragenarian
46,Quadragenarian
47,Quadragenarian
48,Quadragenarian
49,Quadragenarian
50,Quinquagenarian
51,Quinquagenarian
52,Quinquagenarian
53,Quinquagenarian
54,Quinquagenarian
55,Quinquagenarian
56,Quinquagenarian
57,Quinquagenarian
58,Quinquagenarian
59,Quinquagenarian
60,Sexagenarian
61,Sexagenarian
62,Sexagenarian
63,Sexagenarian
64,Sexagenarian
65,Sexagenarian
66,Sexagenarian
67,Sexagenarian
68,Sexagenarian
69,Sexagenarian
70,Septuagenarian
71,Septuagenarian
72,Septuagenarian
73,Septuagenarian
74,Septuagenarian
75,Septuagenarian
76,Septuagenarian
77,Septuagenarian
78,Septuagenarian
79,Septuagenarian
80,Octogenarian
81,Octogenarian
82,Octogenarian
83,Octogenarian
84,Octogenarian
85,Octogenarian
86,Octogenarian
87,Octogenarian
88,Octogenarian
89,Octogenarian
90,Nonagenarian
91,Nonagenarian
92,Nonagenarian
93,Nonagenarian
94,Nonagenarian
95,Nonagenarian
96,Nonagenarian
97,Nonagenarian
98,Nonagenarian
99,Nonagenarian
100,Centenarian
101,Centenarian
102,Centenarian
103,Centenarian
104,Centenarian
105,Centenarian
106,Centenarian
107,Centenarian
108,Centenarian
109,Centenarian
110,Supercentenarian
111,Supercentenarian
112,Supercentenarian
113,Supercentenarian
114,Supercentenarian
115,Supercentenarian
116,Supercentenarian
117,Supercentenarian
118,Supercentenarian
119,Supercentenarian
120,Supercentenarian
121,Supercentenarian
122,Supercentenarian
123,Supercentenarian
124,Supercentenarian
125,Supercentenarian
126,Supercentenarian
127,Supercentenarian
128,Supercentenarian
129,Supercentenarian
130,Supercentenarian
131,Supercentenarian
132,Supercentenarian
133,Supercentenarian
134,Supercentenarian
135,Supercentenarian
136,Supercentenarian
137,Supercentenarian
138,Supercentenarian
139,Supercentenarian
140,Supercentenarian
141,Supercentenarian
142,Supercentenarian
143,Supercentenarian
144,Supercentenarian
145,Supercentenarian
146,Supercentenarian
147,Supercentenarian
148,Supercentenarian
149,Supercentenarian
150,Supercentenarian
151,Supercentenarian
152,Supercentenarian
153,Supercentenarian
154,Supercentenarian
155,Supercentenarian
156,Supercentenarian
157,Supercentenarian
158,Supercentenarian
159,Supercentenarian
160,Supercentenarian
161,Supercentenarian
162,Supercentenarian
163,Supercentenarian
164,Supercentenarian
165,Supercentenarian
166,Supercentenarian
167,Supercentenarian
168,Supercentenarian
169,Supercentenarian
170,Supercentenarian
171,Supercentenarian
172,Supercentenarian
173,Supercentenarian
174,Supercentenarian
175,Supercentenarian
176,Supercentenarian
177,Supercentenarian
178,Supercentenarian
179,Supercentenarian
180,Supercentenarian
181,Supercentenarian
182,Supercentenarian
183,Supercentenarian
184,Supercentenarian
185,Supercentenarian
186,Supercentenarian
187,Supercentenarian
188,Supercentenarian
189,Supercentenarian
190,Supercentenarian
191,Supercentenarian
192,Supercentenarian
193,Supercentenarian
194,Supercentenarian
195,Supercentenarian
196,Supercentenarian
197,Supercentenarian
198,Supercentenarian
199,Supercentenarian
200,Supercentenarian
201,Supercentenarian
202,Supercentenarian
203,Supercentenarian
204,Supercentenarian
205,Supercentenarian
206,Supercentenarian
207,Supercentenarian
208,Supercentenarian
209,Supercentenarian
210,Supercentenarian
211,Supercentenarian
212,Supercentenarian
213,Supercentenarian
214,Supercentenarian
215,Supercentenarian
216,Supercentenarian
217,Supercentenarian
218,Supercentenarian
219,Supercentenarian
220,Supercentenarian
221,Supercentenarian
222,Supercentenarian
223,Supercentenarian
224,Supercentenarian
225,Supercentenarian
226,Supercentenarian
227,Supercentenarian
228,Supercentenarian
229,Supercentenarian
230,Supercentenarian
231,Supercentenarian
232,Supercentenarian
233,Supercentenarian
234,Supercentenarian
235,Supercentenarian
236,Supercentenarian
237,Supercentenarian
238,Supercentenarian
239,Supercentenarian
240,Supercentenarian
241,Supercentenarian
242,Supercentenarian
243,Supercentenarian
244,Supercentenarian
245,Supercentenarian
246,Supercentenarian
247,Supercentenarian
248,Supercentenarian
249,Supercentenarian
250,Supercentenarian
251,Supercentenarian
252,Supercentenarian
253,Supercentenarian
254,Supercentenarian
255,Supercentenarian
256,Supercentenarian
257,Supercentenarian
258,Supercentenarian
259,Supercentenarian
260,Supercentenarian
261,Supercentenarian
262,Supercentenarian
263,Supercentenarian
264,Supercentenarian
265,Supercentenarian
266,Supercentenarian
267,Supercentenarian
268,Supercentenarian
269,Supercentenarian
270,Supercentenarian
271,Supercentenarian
272,Supercentenarian
273,Supercentenarian
274,Supercentenarian
275,Supercentenarian
276,Supercentenarian
277,Supercentenarian
278,Supercentenarian
279,Supercentenarian
280,Supercentenarian
281,Supercentenarian
282,Supercentenarian
283,Supercentenarian
284,Supercentenarian
285,Supercentenarian
286,Supercentenarian
287,Supercentenarian
288,Supercentenarian
289,Supercentenarian
290,Supercentenarian
291,Supercentenarian
292,Supercentenarian
293,Supercentenarian
294,Supercentenarian
295,Supercentenarian
296,Supercentenarian
297,Supercentenarian
298,Supercentenarian
299,Supercentenarian
300,Supercentenarian
301,Supercentenarian
302,Supercentenarian
303,Supercentenarian
304,Supercentenarian
305,Supercentenarian
306,Supercentenarian
307,Supercentenarian
308,Supercentenarian
309,Supercentenarian
310,Supercentenarian
311,Supercentenarian
312,Supercentenarian
313,Supercentenarian
314,Supercentenarian
315,Supercentenarian
316,Supercentenarian
317,Supercentenarian
318,Supercentenarian
319,Supercentenarian
320,Supercentenarian
321,Supercentenarian
322,Supercentenarian
323,Supercentenarian
324,Supercentenarian
325,Supercentenarian
326,Supercentenarian
327,Supercentenarian
328,Supercentenarian
329,Supercentenarian
330,Supercentenarian
331,Supercentenarian
332,Supercentenarian
333,Supercentenarian
334,Supercentenarian
335,Supercentenarian
336,Supercentenarian
337,Supercentenarian
338,Supercentenarian
339,Supercentenarian
340,Supercentenarian
341,Supercentenarian
342,Supercentenarian
343,Supercentenarian
344,Supercentenarian
345,Supercentenarian
346,Supercentenarian
347,Supercentenarian
348,Supercentenarian
349,Supercentenarian
350,Supercentenarian
351,Supercentenarian
352,Supercentenarian
353,Supercentenarian
354,Supercentenarian
355,Supercentenarian
356,Supercentenarian
357,Supercentenarian
358,Supercentenarian
359,Supercentenarian
360,Supercentenarian
361,Supercentenarian
362,Supercentenarian
363,Supercentenarian
364,Supercentenarian
365,Supercentenarian
366,Supercentenarian
367,Supercentenarian
368,Supercentenarian
369,Supercentenarian
370,Supercentenarian
371,Supercentenarian
372,Supercentenarian
373,Supercentenarian
374,Supercentenarian
375,Supercentenarian
376,Supercentenarian
377,Supercentenarian
378,Supercentenarian
379,Supercentenarian
380,Supercentenarian
381,Supercentenarian
382,Supercentenarian
383,Supercentenarian
384,Supercentenarian
385,Supercentenarian
386,Supercentenarian
387,Supercentenarian
388,Supercentenarian
389,Supercentenarian
390,Supercentenarian
391,Supercentenarian
392,Supercentenarian
393,Supercentenarian
394,Supercentenarian
395,Supercentenarian
396,Supercentenarian
397,Supercentenarian
398,Supercentenarian
399,Supercentenarian
400,Supercentenarian
401,Supercentenarian
402,Supercentenarian
403,Supercentenarian
404,Supercentenarian
405,Supercentenarian
406,Supercentenarian
407,Supercentenarian
408,Supercentenarian
409,Supercentenarian
410,Supercentenarian
411,Supercentenarian
412,Supercentenarian
413,Supercentenarian
414,Supercentenarian
415,Supercentenarian
416,Supercentenarian
417,Supercentenarian
418,Supercentenarian
419,Supercentenarian
420,Supercentenarian
421,Supercentenarian
422,Supercentenarian
423,Supercentenarian
424,Supercentenarian
425,Supercentenarian
426,Supercentenarian
427,Supercentenarian
428,Supercentenarian
429,Supercentenarian
430,Supercentenarian
431,Supercentenarian
432,Supercentenarian
433,Supercentenarian
434,Supercentenarian
435,Supercentenarian
436,Supercentenarian
437,Supercentenarian
438,Supercentenarian
439,Supercentenarian
440,Supercentenarian
441,Supercentenarian
442,Supercentenarian
443,Supercentenarian
444,Supercentenarian
445,Supercentenarian
446,Supercentenarian
447,Supercentenarian
448,Supercentenarian
449,Supercentenarian
450,Supercentenarian
451,Supercentenarian
452,Supercentenarian
453,Supercentenarian
454,Supercentenarian
455,Supercentenarian
456,Supercentenarian
457,Supercentenarian
458,Supercentenarian
459,Supercentenarian
460,Supercentenarian
461,Supercentenarian
462,Supercentenarian
463,Supercentenarian
464,Supercentenarian
465,Supercentenarian
466,Supercentenarian
467,Supercentenarian
468,Supercentenarian
469,Supercentenarian
470,Supercentenarian
471,Supercentenarian
472,Supercentenarian
473,Supercentenarian
474,Supercentenarian
475,Supercentenarian
476,Supercentenarian
477,Supercentenarian
478,Supercentenarian
479,Supercentenarian
480,Supercentenarian
481,Supercentenarian
482,Supercentenarian
483,Supercentenarian
484,Supercentenarian
485,Supercentenarian
486,Supercentenarian
487,Supercentenarian
488,Supercentenarian
489,Supercentenarian
490,Supercentenarian
491,Supercentenarian
492,Supercentenarian
493,Supercentenarian
494,Supercentenarian
495,Supercentenarian
496,Supercentenarian
497,Supercentenarian
498,Supercentenarian
499,Supercentenarian
500,Supercentenarian
501,Supercentenarian
502,Supercentenarian
503,Supercentenarian
504,Supercentenarian
505,Supercentenarian
506,Supercentenarian
507,Supercentenarian
508,Supercentenarian
509,Supercentenarian
510,Supercentenarian
511,Supercentenarian
512,Supercentenarian
513,Supercentenarian
514,Supercentenarian
515,Supercentenarian
516,Supercentenarian
517,Supercentenarian
518,Supercentenarian
519,Supercentenarian
520,Supercentenarian
521,Supercentenarian
522,Supercentenarian
523,Supercentenarian
524,Supercentenarian
525,Supercentenarian
526,Supercentenarian
527,Supercentenarian
528,Supercentenarian
529,Supercentenarian
530,Supercentenarian
531,Supercentenarian
532,Supercentenarian
533,Supercentenarian
534,Supercentenarian
535,Supercentenarian
536,Supercentenarian
537,Supercentenarian
538,Supercentenarian
539,Supercentenarian
540,Supercentenarian
541,Supercentenarian
542,Supercentenarian
543,Supercentenarian
544,Supercentenarian
545,Supercentenarian
546,Supercentenarian
547,Supercentenarian
548,Supercentenarian
549,Supercentenarian
550,Supercentenarian
551,Supercentenarian
552,Supercentenarian
553,Supercentenarian
554,Supercentenarian
555,Supercentenarian
556,Supercentenarian
557,Supercentenarian
558,Supercentenarian
559,Supercentenarian
560,Supercentenarian
561,Supercentenarian
562,Supercentenarian
563,Supercentenarian
564,Supercentenarian
565,Supercentenarian
566,Supercentenarian
567,Supercentenarian
568,Supercentenarian
569,Supercentenarian
570,Supercentenarian
571,Supercentenarian
572,Supercentenarian
573,Supercentenarian
574,Supercentenarian
575,Supercentenarian
576,Supercentenarian
577,Supercentenarian
578,Supercentenarian
579,Supercentenarian
580,Supercentenarian
581,Supercentenarian
582,Supercentenarian
583,Supercentenarian
584,Supercentenarian
585,Supercentenarian
586,Supercentenarian
587,Supercentenarian
588,Supercentenarian
589,Supercentenarian
590,Supercentenarian
591,Supercentenarian
592,Supercentenarian
593,Supercentenarian
594,Supercentenarian
595,Supercentenarian
596,Supercentenarian
597,Supercentenarian
598,Supercentenarian
599,Supercentenarian
600,Supercentenarian
601,Supercentenarian
602,Supercentenarian
603,Supercentenarian
604,Supercentenarian
605,Supercentenarian
606,Supercentenarian
607,Supercentenarian
608,Supercentenarian
609,Supercentenarian
610,Supercentenarian
611,Supercentenarian
612,Supercentenarian
613,Supercentenarian
614,Supercentenarian
615,Supercentenarian
616,Supercentenarian
617,Supercentenarian
618,Supercentenarian
619,Supercentenarian
620,Supercentenarian
621,Supercentenarian
622,Supercentenarian
623,Supercentenarian
624,Supercentenarian
625,Supercentenarian
626,Supercentenarian
627,Supercentenarian
628,Supercentenarian
629,Supercentenarian
630,Supercentenarian
631,Supercentenarian
632,Supercentenarian
633,Supercentenarian
634,Supercentenarian
635,Supercentenarian
636,Supercentenarian
637,Supercentenarian
638,Supercentenarian
639,Supercentenarian
640,Supercentenarian
641,Supercentenarian
642,Supercentenarian
643,Supercentenarian
644,Supercentenarian
645,Supercentenarian
646,Supercentenarian
647,Supercentenarian
648,Supercentenarian
649,Supercentenarian
650,Supercentenarian
651,Supercentenarian
652,Supercentenarian
653,Supercentenarian
654,Supercentenarian
655,Supercentenarian
656,Supercentenarian
657,Supercentenarian
658,Supercentenarian
659,Supercentenarian
660,Supercentenarian
661,Supercentenarian
662,Supercentenarian
663,Supercentenarian
664,Supercentenarian
665,Supercentenarian
666,Supercentenarian
667,Supercentenarian
668,Supercentenarian
669,Supercentenarian
670,Supercentenarian
671,Supercentenarian
672,Supercentenarian
673,Supercentenarian
674,Supercentenarian
675,Supercentenarian
676,Supercentenarian
677,Supercentenarian
678,Supercentenarian
679,Supercentenarian
680,Supercentenarian
681,Supercentenarian
682,Supercentenarian
683,Supercentenarian
684,Supercentenarian
685,Supercentenarian
686,Supercentenarian
687,Supercentenarian
688,Supercentenarian
689,Supercentenarian
690,Supercentenarian
691,Supercentenarian
692,Supercentenarian
693,Supercentenarian
694,Supercentenarian
695,Supercentenarian
696,Supercentenarian
697,Supercentenarian
698,Supercentenarian
699,Supercentenarian
700,Supercentenarian
701,Supercentenarian
702,Supercentenarian
703,Supercentenarian
704,Supercentenarian
705,Supercentenarian
706,Supercentenarian
707,Supercentenarian
708,Supercentenarian
709,Supercentenarian
710,Supercentenarian
711,Supercentenarian
712,Supercentenarian
713,Supercentenarian
714,Supercentenarian
715,Supercentenarian
716,Supercentenarian
717,Supercentenarian
718,Supercentenarian
719,Supercentenarian
720,Supercentenarian
721,Supercentenarian
722,Supercentenarian
723,Supercentenarian
724,Supercentenarian
725,Supercentenarian
726,Supercentenarian
727,Supercentenarian
728,Supercentenarian
729,Supercentenarian
730,Supercentenarian
731,Supercentenarian
732,Supercentenarian
733,Supercentenarian
734,Supercentenarian
735,Supercentenarian
736,Supercentenarian
737,Supercentenarian
738,Supercentenarian
739,Supercentenarian
740,Supercentenarian
741,Supercentenarian
742,Supercentenarian
743,Supercentenarian
744,Supercentenarian
745,Supercentenarian
746,Supercentenarian
747,Supercentenarian
748,Supercentenarian
749,Supercentenarian
750,Supercentenarian
751,Supercentenarian
752,Supercentenarian
753,Supercentenarian
754,Supercentenarian
755,Supercentenarian
756,Supercentenarian
757,Supercentenarian
758,Supercentenarian
759,Supercentenarian
760,Supercentenarian
761,Supercentenarian
762,Supercentenarian
763,Supercentenarian
764,Supercentenarian
765,Supercentenarian
766,Supercentenarian
767,Supercentenarian
768,Supercentenarian
769,Supercentenarian
770,Supercentenarian
771,Supercentenarian
772,Supercentenarian
773,Supercentenarian
774,Supercentenarian
775,Supercentenarian
776,Supercentenarian
777,Supercentenarian
778,Supercentenarian
779,Supercentenarian
780,Supercentenarian
781,Supercentenarian
782,Supercentenarian
783,Supercentenarian
784,Supercentenarian
785,Supercentenarian
786,Supercentenarian
787,Supercentenarian
788,Supercentenarian
789,Supercentenarian
790,Supercentenarian
791,Supercentenarian
792,Supercentenarian
793,Supercentenarian
794,Supercentenarian
795,Supercentenarian
796,Supercentenarian
797,Supercentenarian
798,Supercentenarian
799,Supercentenarian
800,Supercentenarian
801,Supercentenarian
802,Supercentenarian
803,Supercentenarian
804,Supercentenarian
805,Supercentenarian
806,Supercentenarian
807,Supercentenarian
808,Supercentenarian
809,Supercentenarian
810,Supercentenarian
811,Supercentenarian
812,Supercentenarian
813,Supercentenarian
814,Supercentenarian
815,Supercentenarian
816,Supercentenarian
817,Supercentenarian
818,Supercentenarian
819,Supercentenarian
820,Supercentenarian
821,Supercentenarian
822,Supercentenarian
823,Supercentenarian
824,Supercentenarian
825,Supercentenarian
826,Supercentenarian
827,Supercentenarian
828,Supercentenarian
829,Supercentenarian
830,Supercentenarian
831,Supercentenarian
832,Supercentenarian
833,Supercentenarian
834,Supercentenarian
835,Supercentenarian
836,Supercentenarian
837,Supercentenarian
838,Supercentenarian
839,Supercentenarian
840,Supercentenarian
841,Supercentenarian
842,Supercentenarian
843,Supercentenarian
844,Supercentenarian
845,Supercentenarian
846,Supercentenarian
847,Supercentenarian
848,Supercentenarian
849,Supercentenarian
850,Supercentenarian
851,Supercentenarian
852,Supercentenarian
853,Supercentenarian
854,Supercentenarian
855,Supercentenarian
856,Supercentenarian
857,Supercentenarian
858,Supercentenarian
859,Supercentenarian
860,Supercentenarian
861,Supercentenarian
862,Supercentenarian
863,Supercentenarian
864,Supercentenarian
865,Supercentenarian
866,Supercentenarian
867,Supercentenarian
868,Supercentenarian
869,Supercentenarian
870,Supercentenarian
871,Supercentenarian
872,Supercentenarian
873,Supercentenarian
874,Supercentenarian
875,Supercentenarian
876,Supercentenarian
877,Supercentenarian
878,Supercentenarian
879,Supercentenarian
880,Supercentenarian
881,Supercentenarian
882,Supercentenarian
883,Supercentenarian
884,Supercentenarian
885,Supercentenarian
886,Supercentenarian
887,Supercentenarian
888,Supercentenarian
889,Supercentenarian
890,Supercentenarian
891,Supercentenarian
892,Supercentenarian
893,Supercentenarian
894,Supercentenarian
895,Supercentenarian
896,Supercentenarian
897,Supercentenarian
898,Supercentenarian
899,Supercentenarian
900,Supercentenarian
901,Supercentenarian
902,Supercentenarian
903,Supercentenarian
904,Supercentenarian
905,Supercentenarian
906,Supercentenarian
907,Supercentenarian
908,Supercentenarian
909,Supercentenarian
910,Supercentenarian
911,Supercentenarian
912,Supercentenarian
913,Supercentenarian
914,Supercentenarian
915,Supercentenarian
916,Supercentenarian
917,Supercentenarian
918,Supercentenarian
919,Supercentenarian
920,Supercentenarian
921,Supercentenarian
922,Supercentenarian
923,Supercentenarian
924,Supercentenarian
925,Supercentenarian
926,Supercentenarian
927,Supercentenarian
928,Supercentenarian
929,Supercentenarian
930,Supercentenarian
931,Supercentenarian
932,Supercentenarian
933,Supercentenarian
934,Supercentenarian
935,Supercentenarian
936,Supercentenarian
937,Supercentenarian
938,Supercentenarian
939,Supercentenarian
940,Supercentenarian
941,Supercentenarian
942,Supercentenarian
943,Supercentenarian
944,Supercentenarian
945,Supercentenarian
946,Supercentenarian
947,Supercentenarian
948,Supercentenarian
949,Supercentenarian
950,Supercentenarian
951,Supercentenarian
952,Supercentenarian
953,Supercentenarian
954,Supercentenarian
955,Supercentenarian
956,Supercentenarian
957,Supercentenarian
958,Supercentenarian
959,Supercentenarian
960,Supercentenarian
961,Supercentenarian
962,Supercentenarian
963,Supercentenarian
964,Supercentenarian
965,Supercentenarian
966,Supercentenarian
967,Supercentenarian
968,Supercentenarian
969,Supercentenarian
970,Supercentenarian
971,Supercentenarian
972,Supercentenarian
973,Supercentenarian
974,Supercentenarian
975,Supercentenarian
976,Supercentenarian
977,Supercentenarian
978,Supercentenarian
979,Supercentenarian
980,Supercentenarian
981,Supercentenarian
982,Supercentenarian
983,Supercentenarian
984,Supercentenarian
985,Supercentenarian
986,Supercentenarian
987,Supercentenarian
988,Supercentenarian
989,Supercentenarian
990,Supercentenarian
991,Supercentenarian
992,Supercentenarian
993,Supercentenarian
994,Supercentenarian
995,Supercentenarian
996,Supercentenarian
997,Supercentenarian
998,Supercentenarian
999,Supercentenarian
1000,Supercentenarian
0,Infant
1,Infant
2,Preschooler
3,Preschooler
4,Preschooler
5,Child
6,Child
7,Child
8,Child
9,Child
10,Pre-Teen
11,Pre-Teen
12,Pre-Teen
13,Teen
14,Teen
15,Teen
16,Teen
17,Teen
18,Teen
19,Teen
20,Vicenarian
21,Vicenarian
22,Vicenarian
23,Vicenarian
24,Vicenarian
25,Vicenarian
26,Vicenarian
27,Vicenarian
28,Vicenarian
29,Vicenarian
30,Tricenarian
31,Tricenarian
32,Tricenarian
33,Tricenarian
34,Tricenarian
35,Tricenarian
36,Tricenarian
37,Tricenarian
38,Tricenarian
39,Tricenarian
40,Quadragenarian
41,Quadragenarian
42,Quadragenarian
43,Quadragenarian
44,Quadragenarian
45,Quadragenarian
46,Quadragenarian
47,Quadragenarian
48,Quadragenarian
49,Quadragenarian
50,Quinquagenarian
51,Quinquagenarian
52,Quinquagenarian
53,Quinquagenarian
54,Quinquagenarian
55,Quinquagenarian
56,Quinquagenarian
57,Quinquagenarian
58,Quinquagenarian
59,Quinquagenarian
60,Sexagenarian
61,Sexagenarian
62,Sexagenarian
63,Sexagenarian
64,Sexagenarian
65,Sexagenarian
66,Sexagenarian
67,Sexagenarian
68,Sexagenarian
69,Sexagenarian
70,Septuagenarian
71,Septuagenarian
72,Septuagenarian
73,Septuagenarian
74,Septuagenarian
75,Septuagenarian
76,Septuagenarian
77,Septuagenarian
78,Septuagenarian
79,Septuagenarian
80,Octogenarian
81,Octogenarian
82,Octogenarian
83,Octogenarian
84,Octogenarian
85,Octogenarian
86,Octogenarian
87,Octogenarian
88,Octogenarian
89,Octogenarian
90,Nonagenarian
91,Nonagenarian
92,Nonagenarian
93,Nonagenarian
94,Nonagenarian
95,Nonagenarian
96,Nonagenarian
97,Nonagenarian
98,Nonagenarian
99,Nonagenarian
100,Centenarian
101,Centenarian
102,Centenarian
103,Centenarian
104,Centenarian
105,Centenarian
106,Centenarian
107,Centenarian
108,Centenarian
109,Centenarian
110,Supercentenarian
111,Supercentenarian
112,Supercentenarian
113,Supercentenarian
114,Supercentenarian
115,Supercentenarian
116,Supercentenarian
117,Supercentenarian
118,Supercentenarian
119,Supercentenarian
120,Supercentenarian
121,Supercentenarian
122,Supercentenarian
123,Supercentenarian
124,Supercentenarian
125,Supercentenarian
126,Supercentenarian
127,Supercentenarian
128,Supercentenarian
129,Supercentenarian
130,Supercentenarian
131,Supercentenarian
132,Supercentenarian
133,Supercentenarian
134,Supercentenarian
135,Supercentenarian
136,Supercentenarian
137,Supercentenarian
138,Supercentenarian
139,Supercentenarian
140,Supercentenarian
141,Supercentenarian
142,Supercentenarian
143,Supercentenarian
144,Supercentenarian
145,Supercentenarian
146,Supercentenarian
147,Supercentenarian
148,Supercentenarian
149,Supercentenarian
150,Supercentenarian
151,Supercentenarian
152,Supercentenarian
153,Supercentenarian
154,Supercentenarian
155,Supercentenarian
156,Supercentenarian
157,Supercentenarian
158,Supercentenarian
159,Supercentenarian
160,Supercentenarian
161,Supercentenarian
162,Supercentenarian
163,Supercentenarian
164,Supercentenarian
165,Supercentenarian
166,Supercentenarian
167,Supercentenarian
168,Supercentenarian
169,Supercentenarian
170,Supercentenarian
171,Supercentenarian
172,Supercentenarian
173,Supercentenarian
174,Supercentenarian
175,Supercentenarian
176,Supercentenarian
177,Supercentenarian
178,Supercentenarian
179,Supercentenarian
180,Supercentenarian
181,Supercentenarian
182,Supercentenarian
183,Supercentenarian
184,Supercentenarian
185,Supercentenarian
186,Supercentenarian
187,Supercentenarian
188,Supercentenarian
189,Supercentenarian
190,Supercentenarian
191,Supercentenarian
192,Supercentenarian
193,Supercentenarian
194,Supercentenarian
195,Supercentenarian
196,Supercentenarian
197,Supercentenarian
198,Supercentenarian
199,Supercentenarian
200,Supercentenarian
201,Supercentenarian
202,Supercentenarian
203,Supercentenarian
204,Supercentenarian
205,Supercentenarian
206,Supercentenarian
207,Supercentenarian
208,Supercentenarian
209,Supercentenarian
210,Supercentenarian
211,Supercentenarian
212,Supercentenarian
213,Supercentenarian
214,Supercentenarian
215,Supercentenarian
216,Supercentenarian
217,Supercentenarian
218,Supercentenarian
219,Supercentenarian
220,Supercentenarian
221,Supercentenarian
222,Supercentenarian
223,Supercentenarian
224,Supercentenarian
225,Supercentenarian
226,Supercentenarian
227,Supercentenarian
228,Supercentenarian
229,Supercentenarian
230,Supercentenarian
231,Supercentenarian
232,Supercentenarian
233,Supercentenarian
234,Supercentenarian
235,Supercentenarian
236,Supercentenarian
237,Supercentenarian
238,Supercentenarian
239,Supercentenarian
240,Supercentenarian
241,Supercentenarian
242,Supercentenarian
243,Supercentenarian
244,Supercentenarian
245,Supercentenarian
246,Supercentenarian
247,Supercentenarian
248,Supercentenarian
249,Supercentenarian
250,Supercentenarian
251,Supercentenarian
252,Supercentenarian
253,Supercentenarian
254,Supercentenarian
255,Supercentenarian
256,Supercentenarian
257,Supercentenarian
258,Supercentenarian
259,Supercentenarian
260,Supercentenarian
261,Supercentenarian
262,Supercentenarian
263,Supercentenarian
264,Supercentenarian
265,Supercentenarian
266,Supercentenarian
267,Supercentenarian
268,Supercentenarian
269,Supercentenarian
270,Supercentenarian
271,Supercentenarian
272,Supercentenarian
273,Supercentenarian
274,Supercentenarian
275,Supercentenarian
276,Supercentenarian
277,Supercentenarian
278,Supercentenarian
279,Supercentenarian
280,Supercentenarian
281,Supercentenarian
282,Supercentenarian
283,Supercentenarian
284,Supercentenarian
285,Supercentenarian
286,Supercentenarian
287,Supercentenarian
288,Supercentenarian
289,Supercentenarian
290,Supercentenarian
291,Supercentenarian
292,Supercentenarian
293,Supercentenarian
294,Supercentenarian
295,Supercentenarian
296,Supercentenarian
297,Supercentenarian
298,Supercentenarian
299,Supercentenarian
300,Supercentenarian
301,Supercentenarian
302,Supercentenarian
303,Supercentenarian
304,Supercentenarian
305,Supercentenarian
306,Supercentenarian
307,Supercentenarian
308,Supercentenarian
309,Supercentenarian
310,Supercentenarian
311,Supercentenarian
312,Supercentenarian
313,Supercentenarian
314,Supercentenarian
315,Supercentenarian
316,Supercentenarian
317,Supercentenarian
318,Supercentenarian
319,Supercentenarian
320,Supercentenarian
321,Supercentenarian
322,Supercentenarian
323,Supercentenarian
324,Supercentenarian
325,Supercentenarian
326,Supercentenarian
327,Supercentenarian
328,Supercentenarian
329,Supercentenarian
330,Supercentenarian
331,Supercentenarian
332,Supercentenarian
333,Supercentenarian
334,Supercentenarian
335,Supercentenarian
336,Supercentenarian
337,Supercentenarian
338,Supercentenarian
339,Supercentenarian
340,Supercentenarian
341,Supercentenarian
342,Supercentenarian
343,Supercentenarian
344,Supercentenarian
345,Supercentenarian
346,Supercentenarian
347,Supercentenarian
348,Supercentenarian
349,Supercentenarian
350,Supercentenarian
351,Supercentenarian
352,Supercentenarian
353,Supercentenarian
354,Supercentenarian
355,Supercentenarian
356,Supercentenarian
357,Supercentenarian
358,Supercentenarian
359,Supercentenarian
360,Supercentenarian
361,Supercentenarian
362,Supercentenarian
363,Supercentenarian
364,Supercentenarian
365,Supercentenarian
366,Supercentenarian
367,Supercentenarian
368,Supercentenarian
369,Supercentenarian
370,Supercentenarian
371,Supercentenarian
372,Supercentenarian
373,Supercentenarian
374,Supercentenarian
375,Supercentenarian
376,Supercentenarian
377,Supercentenarian
378,Supercentenarian
379,Supercentenarian
380,Supercentenarian
381,Supercentenarian
382,Supercentenarian
383,Supercentenarian
384,Supercentenarian
385,Supercentenarian
386,Supercentenarian
387,Supercentenarian
388,Supercentenarian
389,Supercentenarian
390,Supercentenarian
391,Supercentenarian
392,Supercentenarian
393,Supercentenarian
394,Supercentenarian
395,Supercentenarian
396,Supercentenarian
397,Supercentenarian
398,Supercentenarian
399,Supercentenarian
400,Supercentenarian
401,Supercentenarian
402,Supercentenarian
403,Supercentenarian
404,Supercentenarian
405,Supercentenarian
406,Supercentenarian
407,Supercentenarian
408,Supercentenarian
409,Supercentenarian
410,Supercentenarian
411,Supercentenarian
412,Supercentenarian
413,Supercentenarian
414,Supercentenarian
415,Supercentenarian
416,Supercentenarian
417,Supercentenarian
418,Supercentenarian
419,Supercentenarian
420,Supercentenarian
421,Supercentenarian
422,Supercentenarian
423,Supercentenarian
424,Supercentenarian
425,Supercentenarian
426,Supercentenarian
427,Supercentenarian
428,Supercentenarian
429,Supercentenarian
430,Supercentenarian
431,Supercentenarian
432,Supercentenarian
433,Supercentenarian
434,Supercentenarian
435,Supercentenarian
436,Supercentenarian
437,Supercentenarian
438,Supercentenarian
439,Supercentenarian
440,Supercentenarian
441,Supercentenarian
442,Supercentenarian
443,Supercentenarian
444,Supercentenarian
445,Supercentenarian
446,Supercentenarian
447,Supercentenarian
448,Supercentenarian
449,Supercentenarian
450,Supercentenarian
451,Supercentenarian
452,Supercentenarian
453,Supercentenarian
454,Supercentenarian
455,Supercentenarian
456,Supercentenarian
457,Supercentenarian
458,Supercentenarian
459,Supercentenarian
460,Supercentenarian
461,Supercentenarian
462,Supercentenarian
463,Supercentenarian
464,Supercentenarian
465,Supercentenarian
466,Supercentenarian
467,Supercentenarian
468,Supercentenarian
469,Supercentenarian
470,Supercentenarian
471,Supercentenarian
472,Supercentenarian
473,Supercentenarian
474,Supercentenarian
475,Supercentenarian
476,Supercentenarian
477,Supercentenarian
478,Supercentenarian
479,Supercentenarian
480,Supercentenarian
481,Supercentenarian
482,Supercentenarian
483,Supercentenarian
484,Supercentenarian
485,Supercentenarian
486,Supercentenarian
487,Supercentenarian
488,Supercentenarian
489,Supercentenarian
490,Supercentenarian
491,Supercentenarian
492,Supercentenarian
493,Supercentenarian
494,Supercentenarian
495,Supercentenarian
496,Supercentenarian
497,Supercentenarian
498,Supercentenarian
499,Supercentenarian
500,Supercentenarian
501,Supercentenarian
502,Supercentenarian
503,Supercentenarian
504,Supercentenarian
505,Supercentenarian
506,Supercentenarian
507,Supercentenarian
508,Supercentenarian
509,Supercentenarian
510,Supercentenarian
511,Supercentenarian
512,Supercentenarian
513,Supercentenarian
514,Supercentenarian
515,Supercentenarian
516,Supercentenarian
517,Supercentenarian
518,Supercentenarian
519,Supercentenarian
520,Supercentenarian
521,Supercentenarian
522,Supercentenarian
523,Supercentenarian
524,Supercentenarian
525,Supercentenarian
526,Supercentenarian
527,Supercentenarian
528,Supercentenarian
529,Supercentenarian
530,Supercentenarian
531,Supercentenarian
532,Supercentenarian
533,Supercentenarian
534,Supercentenarian
535,Supercentenarian
536,Supercentenarian
537,Supercentenarian
538,Supercentenarian
539,Supercentenarian
540,Supercentenarian
541,Supercentenarian
542,Supercentenarian
543,Supercentenarian
544,Supercentenarian
545,Supercentenarian
546,Supercentenarian
547,Supercentenarian
548,Supercentenarian
549,Supercentenarian
550,Supercentenarian
551,Supercentenarian
552,Supercentenarian
553,Supercentenarian
554,Supercentenarian
555,Supercentenarian
556,Supercentenarian
557,Supercentenarian
558,Supercentenarian
559,Supercentenarian
560,Supercentenarian
561,Supercentenarian
562,Supercentenarian
563,Supercentenarian
564,Supercentenarian
565,Supercentenarian
566,Supercentenarian
567,Supercentenarian
568,Supercentenarian
569,Supercentenarian
570,Supercentenarian
571,Supercentenarian
572,Supercentenarian
573,Supercentenarian
574,Supercentenarian
575,Supercentenarian
576,Supercentenarian
577,Supercentenarian
578,Supercentenarian
579,Supercentenarian
580,Supercentenarian
581,Supercentenarian
582,Supercentenarian
583,Supercentenarian
584,Supercentenarian
585,Supercentenarian
586,Supercentenarian
587,Supercentenarian
588,Supercentenarian
589,Supercentenarian
590,Supercentenarian
591,Supercentenarian
592,Supercentenarian
593,Supercentenarian
594,Supercentenarian
595,Supercentenarian
596,Supercentenarian
597,Supercentenarian
598,Supercentenarian
599,Supercentenarian
600,Supercentenarian
601,Supercentenarian
602,Supercentenarian
603,Supercentenarian
604,Supercentenarian
605,Supercentenarian
606,Supercentenarian
607,Supercentenarian
608,Supercentenarian
609,Supercentenarian
610,Supercentenarian
611,Supercentenarian
612,Supercentenarian
613,Supercentenarian
614,Supercentenarian
615,Supercentenarian
616,Supercentenarian
617,Supercentenarian
618,Supercentenarian
619,Supercentenarian
620,Supercentenarian
621,Supercentenarian
622,Supercentenarian
623,Supercentenarian
624,Supercentenarian
625,Supercentenarian
626,Supercentenarian
627,Supercentenarian
628,Supercentenarian
629,Supercentenarian
630,Supercentenarian
631,Supercentenarian
632,Supercentenarian
633,Supercentenarian
634,Supercentenarian
635,Supercentenarian
636,Supercentenarian
637,Supercentenarian
638,Supercentenarian
639,Supercentenarian
640,Supercentenarian
641,Supercentenarian
642,Supercentenarian
643,Supercentenarian
644,Supercentenarian
645,Supercentenarian
646,Supercentenarian
647,Supercentenarian
648,Supercentenarian
649,Supercentenarian
650,Supercentenarian
651,Supercentenarian
652,Supercentenarian
653,Supercentenarian
654,Supercentenarian
655,Supercentenarian
656,Supercentenarian
657,Supercentenarian
658,Supercentenarian
659,Supercentenarian
660,Supercentenarian
661,Supercentenarian
662,Supercentenarian
663,Supercentenarian
664,Supercentenarian
665,Supercentenarian
666,Supercentenarian
667,Supercentenarian
668,Supercentenarian
669,Supercentenarian
670,Supercentenarian
671,Supercentenarian
672,Supercentenarian
673,Supercentenarian
674,Supercentenarian
675,Supercentenarian
676,Supercentenarian
677,Supercentenarian
678,Supercentenarian
679,Supercentenarian
680,Supercentenarian
681,Supercentenarian
682,Supercentenarian
683,Supercentenarian
684,Supercentenarian
685,Supercentenarian
686,Supercentenarian
687,Supercentenarian
688,Supercentenarian
689,Supercentenarian
690,Supercentenarian
691,Supercentenarian
692,Supercentenarian
693,Supercentenarian
694,Supercentenarian
695,Supercentenarian
696,Supercentenarian
697,Supercentenarian
698,Supercentenarian
699,Supercentenarian
700,Supercentenarian
701,Supercentenarian
702,Supercentenarian
703,Supercentenarian
704,Supercentenarian
705,Supercentenarian
706,Supercentenarian
707,Supercentenarian
708,Supercentenarian
709,Supercentenarian
710,Supercentenarian
711,Supercentenarian
712,Supercentenarian
713,Supercentenarian
714,Supercentenarian
715,Supercentenarian
716,Supercentenarian
717,Supercentenarian
718,Supercentenarian
719,Supercentenarian
720,Supercentenarian
721,Supercentenarian
722,Supercentenarian
723,Supercentenarian
724,Supercentenarian
725,Supercentenarian
726,Supercentenarian
727,Supercentenarian
728,Supercentenarian
729,Supercentenarian
730,Supercentenarian
731,Supercentenarian
732,Supercentenarian
733,Supercentenarian
734,Supercentenarian
735,Supercentenarian
736,Supercentenarian
737,Supercentenarian
738,Supercentenarian
739,Supercentenarian
740,Supercentenarian
741,Supercentenarian
742,Supercentenarian
743,Supercentenarian
744,Supercentenarian
745,Supercentenarian
746,Supercentenarian
747,Supercentenarian
748,Supercentenarian
749,Supercentenarian
750,Supercentenarian
751,Supercentenarian
752,Supercentenarian
753,Supercentenarian
754,Supercentenarian
755,Supercentenarian
756,Supercentenarian
757,Supercentenarian
758,Supercentenarian
759,Supercentenarian
760,Supercentenarian
761,Supercentenarian
762,Supercentenarian
763,Supercentenarian
764,Supercentenarian
765,Supercentenarian
766,Supercentenarian
767,Supercentenarian
768,Supercentenarian
769,Supercentenarian
770,Supercentenarian
771,Supercentenarian
772,Supercentenarian
773,Supercentenarian
774,Supercentenarian
775,Supercentenarian
776,Supercentenarian
777,Supercentenarian
778,Supercentenarian
779,Supercentenarian
780,Supercentenarian
781,Supercentenarian
782,Supercentenarian
783,Supercentenarian
784,Supercentenarian
785,Supercentenarian
786,Supercentenarian
787,Supercentenarian
788,Supercentenarian
789,Supercentenarian
790,Supercentenarian
791,Supercentenarian
792,Supercentenarian
793,Supercentenarian
794,Supercentenarian
795,Supercentenarian
796,Supercentenarian
797,Supercentenarian
798,Supercentenarian
799,Supercentenarian
800,Supercentenarian
801,Supercentenarian
802,Supercentenarian
803,Supercentenarian
804,Supercentenarian
805,Supercentenarian
806,Supercentenarian
807,Supercentenarian
808,Supercentenarian
809,Supercentenarian
810,Supercentenarian
811,Supercentenarian
812,Supercentenarian
813,Supercentenarian
814,Supercentenarian
815,Supercentenarian
816,Supercentenarian
817,Supercentenarian
818,Supercentenarian
819,Supercentenarian
820,Supercentenarian
821,Supercentenarian
822,Supercentenarian
823,Supercentenarian
824,Supercentenarian
825,Supercentenarian
826,Supercentenarian
827,Supercentenarian
828,Supercentenarian
829,Supercentenarian
830,Supercentenarian
831,Supercentenarian
832,Supercentenarian
833,Supercentenarian
834,Supercentenarian
835,Supercentenarian
836,Supercentenarian
837,Supercentenarian
838,Supercentenarian
839,Supercentenarian
840,Supercentenarian
841,Supercentenarian
842,Supercentenarian
843,Supercentenarian
844,Supercentenarian
845,Supercentenarian
846,Supercentenarian
847,Supercentenarian
848,Supercentenarian
849,Supercentenarian
850,Supercentenarian
851,Supercentenarian
852,Supercentenarian
853,Supercentenarian
854,Supercentenarian
855,Supercentenarian
856,Supercentenarian
857,Supercentenarian
858,Supercentenarian
859,Supercentenarian
860,Supercentenarian
861,Supercentenarian
862,Supercentenarian
863,Supercentenarian
864,Supercentenarian
865,Supercentenarian
866,Supercentenarian
867,Supercentenarian
868,Supercentenarian
869,Supercentenarian
870,Supercentenarian
871,Supercentenarian
872,Supercentenarian
873,Supercentenarian
874,Supercentenarian
875,Supercentenarian
876,Supercentenarian
877,Supercentenarian
878,Supercentenarian
879,Supercentenarian
880,Supercentenarian
881,Supercentenarian
882,Supercentenarian
883,Supercentenarian
884,Supercentenarian
885,Supercentenarian
886,Supercentenarian
887,Supercentenarian
888,Supercentenarian
889,Supercentenarian
890,Supercentenarian
891,Supercentenarian
892,Supercentenarian
893,Supercentenarian
894,Supercentenarian
895,Supercentenarian
896,Supercentenarian
897,Supercentenarian
898,Supercentenarian
899,Supercentenarian
900,Supercentenarian
901,Supercentenarian
902,Supercentenarian
903,Supercentenarian
904,Supercentenarian
905,Supercentenarian
906,Supercentenarian
907,Supercentenarian
908,Supercentenarian
909,Supercentenarian
910,Supercentenarian
911,Supercentenarian
912,Supercentenarian
913,Supercentenarian
914,Supercentenarian
915,Supercentenarian
916,Supercentenarian
917,Supercentenarian
918,Supercentenarian
919,Supercentenarian
920,Supercentenarian
921,Supercentenarian
922,Supercentenarian
923,Supercentenarian
924,Supercentenarian
925,Supercentenarian
926,Supercentenarian
927,Supercentenarian
928,Supercentenarian
929,Supercentenarian
930,Supercentenarian
931,Supercentenarian
932,Supercentenarian
933,Supercentenarian
934,Supercentenarian
935,Supercentenarian
936,Supercentenarian
937,Supercentenarian
938,Supercentenarian
939,Supercentenarian
940,Supercentenarian
941,Supercentenarian
942,Supercentenarian
943,Supercentenarian
944,Supercentenarian
945,Supercentenarian
946,Supercentenarian
947,Supercentenarian
948,Supercentenarian
949,Supercentenarian
950,Supercentenarian
951,Supercentenarian
952,Supercentenarian
953,Supercentenarian
954,Supercentenarian
955,Supercentenarian
956,Supercentenarian
957,Supercentenarian
958,Supercentenarian
959,Supercentenarian
960,Supercentenarian
961,Supercentenarian
962,Supercentenarian
963,Supercentenarian
964,Supercentenarian
965,Supercentenarian
966,Supercentenarian
967,Supercentenarian
968,Supercentenarian
969,Supercentenarian
970,Supercentenarian
971,Supercentenarian
972,Supercentenarian
973,Supercentenarian
974,Supercentenarian
975,Supercentenarian
976,Supercentenarian
977,Supercentenarian
978,Supercentenarian
979,Supercentenarian
980,Supercentenarian
981,Supercentenarian
982,Supercentenarian
983,Supercentenarian
984,Supercentenarian
985,Supercentenarian
986,Supercentenarian
987,Supercentenarian
988,Supercentenarian
989,Supercentenarian
990,Supercentenarian
991,Supercentenarian
992,Supercentenarian
993,Supercentenarian
994,Supercentenarian
995,Supercentenarian
996,Supercentenarian
997,Supercentenarian
998,Supercentenarian
999,Supercentenarian
1000,Supercentenarian